0,Nike Running,GRM,208.28,10,athshoe1.png
0,Nike Hypersonic,GRM,120.28,13,athshoe2.png
0,Asics Running,GRM,125.50,15,athshoe3.png
0,Adidas Sneaker,GRM,222.80,20,athshoe4.jpeg
0,Apex,WRB,129.60,7,casshoe1.jpeg
0,Burberry Q2,WRB,210.11,19,casshoe2.jpg
0,Bata Pro,WRB,90.60,7,casshoe3.jpg
0,Leather High-heeled,WPN,388.11,19,dress1.jpg
0,Brogue Shoes,WPN,445.20,12,dress2.jpeg
0,Stay Adams Men,WPN,381.75,14,dress3.jpeg
0,Timberland,HOU,312.23,7,boot.jpeg
0,Man Slipper,GAD,32,30,slipper.jpg
0,Nike Air Force 1,OFF, 392.12,3,custom.jpg






